"Path","Platform","Compiled","Cooked","Permutations","Compiletime","CompiledDouble","CookedDouble"
"Globals","0","33","0","1","0.000000","0","0"
"/ControlRig/Controls/ControlRigGizmoMaterial.ControlRigGizmoMaterial","0","2","2","1","2.488488","0","2"
"/Engine/EngineMaterials/DefaultLightFunctionMaterial.DefaultLightFunctionMaterial","0","25","25","1","20.130844","0","25"
"/MeshModelingToolset/Materials/M_DynamicMeshComponentVtxColor.M_DynamicMeshComponentVtxColor","0","7","9","1","19.263786","0","9"
"/Game/GameContent/Materials/MAT_EmissiveBase.MAT_EmissiveBase","0","3","3","1","3.557093","0","3"
"/Engine/EngineMaterials/DefaultPostProcessMaterial.DefaultPostProcessMaterial","0","7","7","1","7.121115","0","7"
"/Engine/EngineMaterials/FlattenMaterial_VT.FlattenMaterial_VT","0","6","6","1","7.147610","0","6"
"/Engine/EngineMaterials/FlattenMaterial.FlattenMaterial","0","9","9","1","6.228700","0","9"
"/Engine/EngineMaterials/M_InvalidLightmapSettings.M_InvalidLightmapSettings","0","6","6","1","7.461436","0","6"
"/Engine/EngineMaterials/EmissiveMeshMaterial.EmissiveMeshMaterial","0","10","10","1","12.046305","0","10"
"/Niagara/DefaultAssets/DefaultSpriteMaterial.DefaultSpriteMaterial","0","30","35","1","46.975552","0","35"
"/Engine/VREditor/TransformGizmo/TransformGizmoMaterial.TransformGizmoMaterial","0","2","2","1","2.389151","0","2"
"/Engine/EditorMaterials/PhAT_UnselectedMaterial.PhAT_UnselectedMaterial","0","3","3","1","3.570357","0","3"
"/Engine/EngineSky/VolumetricClouds/m_SimpleVolumetricCloud.m_SimpleVolumetricCloud","0","88","88","1","1130.668213","0","88"
"/Engine/EngineMaterials/DefaultDeferredDecalMaterial.DefaultDeferredDecalMaterial","0","33","33","1","43.132324","0","33"
"/Engine/EditorLandscapeResources/SplineEditorMeshMat.SplineEditorMeshMat","0","10","12","1","20.825207","0","12"
"/Engine/EditorMaterials/Camera/CineMat.CineMat","0","6","6","1","9.764122","0","6"
"/Engine/VREditor/TransformGizmo/TranslucentTransformGizmoMaterial.TranslucentTransformGizmoMaterial","0","3","3","1","3.887189","0","3"
"/Engine/VREditor/TransformGizmo/Xray.Xray","0","3","3","1","2.819494","0","3"
"/Engine/VREditor/TransformGizmo/Main.Main","0","3","3","1","1.564199","0","3"
"/Engine/EngineMaterials/WorldGridMaterial.WorldGridMaterial","0","333","356","1","411.910614","0","356"
"/Engine/EngineMaterials/NaniteHiddenSectionMaterial.NaniteHiddenSectionMaterial","0","12","14","1","20.939442","0","14"
"","0","1","0","1","0.000000","3","0"
"/Engine/OpenWorldTemplate/LandscapeMaterial/M_ProcGrid.M_ProcGrid","0","11","11","1","11.915646","13","17"
"/Game/LevelPrototyping/Materials/M_PrototypeGrid.M_PrototypeGrid","0","12","12","2","17.576458","0","12"
"/Engine/EngineMaterials/Widget3DPassThrough.Widget3DPassThrough","0","41","46","6","48.326897","0","46"
"/Engine/EditorMaterials/PhAT_NoCollisionMaterial.PhAT_NoCollisionMaterial","0","3","3","1","1.399039","0","3"
"/Engine/EngineMaterials/GizmoMaterial.GizmoMaterial","0","5","6","1","7.135720","0","6"
"/Engine/EngineDebugMaterials/DebugMeshMaterial.DebugMeshMaterial","0","5","5","1","3.635208","0","5"
"/Game/FirstPersonArms/Character/Materials/M_Mannequin.M_Mannequin","0","16","20","2","37.882935","0","20"
"/Engine/EngineDebugMaterials/M_SimpleUnlitTranslucent.M_SimpleUnlitTranslucent","0","3","3","1","1.566512","0","3"
"/Game/MainLevel/Materials/M_Enemy.M_Enemy","0","3","3","1","2.861763","0","3"
"/Game/MainLevel/3DAssets/standardSurface1.standardSurface1","0","3","3","1","2.785228","0","3"
"/Engine/EngineMaterials/RemoveSurfaceMaterial.RemoveSurfaceMaterial","0","2","2","1","1.367314","0","2"
"/Game/GameContent/Materials/MAT_SuperSeeThroughBase.MAT_SuperSeeThroughBase","0","6","6","1","6.700013","0","6"
"/Engine/EngineSky/M_SimpleSkyDome.M_SimpleSkyDome","0","2","2","1","2.825024","0","2"
"/Engine/EngineSky/M_Sky_Panning_Clouds2.M_Sky_Panning_Clouds2","0","2","2","1","2.723812","0","2"
"/Game/MainLevel/StarterContent/Particles/Materials/M_Fire_SubUV.M_Fire_SubUV","0","12","12","1","12.652593","0","12"
"/Game/MainLevel/StarterContent/Particles/Materials/M_smoke_subUV.M_smoke_subUV","0","24","24","1","34.299824","0","24"
"/HairStrands/Materials/HairMeshesDefaultMaterial.HairMeshesDefaultMaterial","0","33","36","1","38.620529","0","36"
"/HairStrands/Materials/HairDefaultMaterial.HairDefaultMaterial","0","33","36","1","0.000000","0","36"
"/Game/MainLevel/StarterContent/Particles/Materials/M_Radial_Gradient.M_Radial_Gradient","0","15","15","1","15.145000","0","15"
"/Game/MainLevel/StarterContent/Particles/Materials/M_Heat_Distortion.M_Heat_Distortion","0","28","28","1","30.512400","0","28"
"/Game/MainLevel/Materials/M_Platforms.M_Platforms","0","3","3","1","3.449372","0","3"
"/Paper2D/DefaultSpriteMaterial.DefaultSpriteMaterial","0","46","52","3","75.201424","0","52"
"/Engine/EditorMaterials/Dataflow/DataflowTwoSidedVertexMaterial.DataflowTwoSidedVertexMaterial","0","12","14","1","23.765368","0","14"
"/Engine/EditorMaterials/Dataflow/DataflowVertexMaterial.DataflowVertexMaterial","0","6","6","1","7.014460","0","6"
"/Engine/BasicShapes/BasicShapeMaterial.BasicShapeMaterial","0","9","9","1","13.923082","0","9"
"/InterchangeAssets/gltf/M_SpecularGlossiness.M_SpecularGlossiness","0","102","112","6","426.609192","0","112"
"/InterchangeAssets/gltf/M_Default.M_Default","0","110","128","6","490.623718","0","128"
"/ControlRig/Controls/ControlRigXRayMaterial.ControlRigXRayMaterial","0","6","7","1","7.818264","0","7"
"/InterchangeAssets/gltf/M_ClearCoat.M_ClearCoat","0","110","128","6","380.636963","0","128"
"/InterchangeAssets/gltf/M_Sheen.M_Sheen","0","102","112","6","339.431946","0","112"
"/InterchangeAssets/gltf/M_Transmission.M_Transmission","0","28","28","2","666.306396","0","28"
"/InterchangeAssets/gltf/M_Unlit.M_Unlit","0","82","92","6","127.683380","0","92"
"/HairStrands/Materials/HairCardsDefaultMaterial.HairCardsDefaultMaterial","0","57","63","1","79.373070","0","63"
"/Engine/EngineDebugMaterials/DebugEditorMaterial.DebugEditorMaterial","0","5","6","1","7.534387","0","6"
"/Game/GameContent/Materials/MAT_FreezeOverlay.MAT_FreezeOverlay","0","6","6","1","8.573764","0","6"
"/Game/GameContent/Materials/MAT_MatteBase.MAT_MatteBase","0","3","3","1","3.515455","0","3"
"/Engine/EngineDebugMaterials/M_VolumeRenderSphereTracePP.M_VolumeRenderSphereTracePP","0","5","5","1","3.909666","0","5"
"/Engine/EngineMaterials/FlattenMaterial_WS_Normal_VT.FlattenMaterial_WS_Normal_VT","0","6","6","1","7.822772","0","6"
"/Game/FPWeapon/Materials/BaseMaterial.BaseMaterial","0","6","6","1","8.170179","0","6"
"/ControlRig/M_Manip.M_Manip","0","6","7","1","10.040044","0","7"
"/AudioWidgets/AudioMaterialSlate/M_AudioMaterialToggleButton.M_AudioMaterialToggleButton","0","13","13","1","11.729711","0","13"
"/AudioWidgets/AudioMaterialSlate/M_AudioMaterialKnob.M_AudioMaterialKnob","0","13","13","1","11.948894","0","13"
"/Engine/EngineMaterials/PhAT_JointLimitMaterial.PhAT_JointLimitMaterial","0","6","7","1","11.687954","0","7"
"/AudioWidgets/AudioMaterialSlate/M_AudioMaterialRoundedSlider.M_AudioMaterialRoundedSlider","0","23","25","1","31.200209","0","25"
"/AudioWidgets/AudioMaterialSlate/M_AudioMaterialEnvelope_ADSR.M_AudioMaterialEnvelope_ADSR","0","23","25","1","36.085022","0","25"
"/Engine/EngineMaterials/DefaultMaterial.DefaultMaterial","0","24","24","1","22.787130","0","24"
"/Engine/EngineMaterials/DefaultTextMaterialOpaque.DefaultTextMaterialOpaque","0","14","16","1","26.731384","0","16"
"/HairStrands/Materials/HairDebugMaterial.HairDebugMaterial","0","57","63","1","98.094284","0","63"
"/Engine/EngineMaterials/PPM_DefaultCalibrationGrayscale.PPM_DefaultCalibrationGrayscale","0","5","5","1","3.906772","0","5"
"/Engine/EngineMaterials/PPM_DefaultCalibrationColor.PPM_DefaultCalibrationColor","0","5","5","1","1.850835","0","5"
"/SpeedTreeImporter/SpeedTree9/SpeedTreeMaster.SpeedTreeMaster","0","28","32","1","66.733917","0","32"
"/SpeedTreeImporter/SpeedTree9/SpeedTreeBillboardMaster.SpeedTreeBillboardMaster","0","28","32","1","68.586372","0","32"
"/AudioWidgets/AudioMaterialSlate/M_AudioMaterialMeter.M_AudioMaterialMeter","0","13","13","1","8.421277","0","13"
"/Engine/EditorMaterials/PreviewShadowIndicatorMaterial.PreviewShadowIndicatorMaterial","0","25","25","1","16.485985","0","25"
"/Engine/VREditor/SnapGrid/SnapGridMaterial.SnapGridMaterial","0","10","0","1","0.000000","0","0"
"Globals","49","10300","0","1","0.000000","0","0"
"/ControlRig/Controls/ControlRigGizmoMaterial.ControlRigGizmoMaterial","49","7","7","1","8.549167","0","7"
"/MeshModelingToolset/Materials/M_DynamicMeshComponentVtxColor.M_DynamicMeshComponentVtxColor","49","12","14","1","19.550371","0","14"
"","49","64","0","1","0.000000","69","0"
"/Engine/EditorMaterials/PhAT_UnselectedMaterial.PhAT_UnselectedMaterial","49","8","8","1","20.339443","0","8"
"/Engine/EngineMaterials/NaniteHiddenSectionMaterial.NaniteHiddenSectionMaterial","49","19","21","1","21.230015","0","21"
"/Engine/EditorMaterials/PhAT_NoCollisionMaterial.PhAT_NoCollisionMaterial","49","8","8","1","9.671916","0","8"
"/Engine/EngineMaterials/GizmoMaterial.GizmoMaterial","49","10","11","1","8.559472","0","11"
"/Engine/EngineDebugMaterials/DebugMeshMaterial.DebugMeshMaterial","49","10","10","1","10.285893","0","10"
"/Engine/EngineMaterials/RemoveSurfaceMaterial.RemoveSurfaceMaterial","49","7","7","1","7.759970","0","7"
"/HairStrands/Materials/HairMeshesDefaultMaterial.HairMeshesDefaultMaterial","49","42","45","1","47.059540","0","45"
"/ControlRig/Controls/ControlRigXRayMaterial.ControlRigXRayMaterial","49","11","12","1","14.235710","0","12"
"/Engine/EditorMaterials/Dataflow/DataflowTwoSidedVertexMaterial.DataflowTwoSidedVertexMaterial","49","17","19","1","15.575667","0","19"
"/Engine/EditorMaterials/Dataflow/DataflowVertexMaterial.DataflowVertexMaterial","49","11","11","1","8.303020","0","11"
"/Engine/BasicShapes/BasicShapeMaterial.BasicShapeMaterial","49","27","27","1","37.740097","0","27"
"/HairStrands/Materials/HairCardsDefaultMaterial.HairCardsDefaultMaterial","49","72","78","1","75.968895","0","78"
"/HairStrands/Materials/HairDefaultMaterial.HairDefaultMaterial","49","42","45","1","0.000000","0","45"
"/Engine/EngineDebugMaterials/DebugEditorMaterial.DebugEditorMaterial","49","10","11","1","11.582777","0","11"
"/Engine/EditorLandscapeResources/SplineEditorMeshMat.SplineEditorMeshMat","49","22","24","1","37.387714","0","24"
"/Engine/EngineDebugMaterials/M_SimpleUnlitTranslucent.M_SimpleUnlitTranslucent","49","8","8","1","7.240901","0","8"
"/Engine/EditorMaterials/Camera/CineMat.CineMat","49","14","14","1","14.523436","0","14"
"/Engine/VREditor/TransformGizmo/TranslucentTransformGizmoMaterial.TranslucentTransformGizmoMaterial","49","8","8","1","5.920420","0","8"
"/Engine/VREditor/TransformGizmo/Xray.Xray","49","8","8","1","7.682067","0","8"
"/Engine/VREditor/TransformGizmo/Main.Main","49","8","8","1","6.027173","0","8"
"/Engine/EngineMaterials/DefaultLightFunctionMaterial.DefaultLightFunctionMaterial","49","67","67","1","0.000000","0","67"
"/Game/GameContent/Materials/MAT_FreezeOverlay.MAT_FreezeOverlay","49","11","11","1","12.155666","0","11"
"/Game/GameContent/Materials/MAT_MatteBase.MAT_MatteBase","49","8","8","1","8.807980","0","8"
"/Engine/EngineMaterials/FlattenMaterial_WS_Normal_VT.FlattenMaterial_WS_Normal_VT","49","16","16","1","52.716969","0","16"
"/Engine/EngineDebugMaterials/M_VolumeRenderSphereTracePP.M_VolumeRenderSphereTracePP","49","7","7","1","6.820948","0","7"
"/Game/FPWeapon/Materials/BaseMaterial.BaseMaterial","49","11","11","1","12.842009","0","11"
"/Engine/EngineMaterials/PhAT_JointLimitMaterial.PhAT_JointLimitMaterial","49","11","12","1","18.211918","0","12"
"/ControlRig/M_Manip.M_Manip","49","11","12","1","13.768460","0","12"
"/Paper2D/DefaultSpriteMaterial.DefaultSpriteMaterial","49","74","80","3","80.802368","0","80"
"/Engine/VREditor/TransformGizmo/TransformGizmoMaterial.TransformGizmoMaterial","49","7","7","1","5.245852","0","7"
"/Engine/EngineMaterials/FlattenMaterial_VT.FlattenMaterial_VT","49","16","16","1","39.803658","0","16"
"/Engine/EngineMaterials/FlattenMaterial.FlattenMaterial","49","22","22","1","32.536411","0","22"
"/Engine/EngineMaterials/M_InvalidLightmapSettings.M_InvalidLightmapSettings","49","16","16","1","19.578032","0","16"
"/Engine/EngineMaterials/EmissiveMeshMaterial.EmissiveMeshMaterial","49","17","17","1","19.529444","0","17"
"/Niagara/DefaultAssets/DefaultSpriteMaterial.DefaultSpriteMaterial","49","41","46","1","28.816481","0","46"
"/Game/GameContent/Materials/MAT_EmissiveBase.MAT_EmissiveBase","49","8","8","1","6.115441","0","8"
"/Engine/EngineMaterials/DefaultPostProcessMaterial.DefaultPostProcessMaterial","49","9","9","1","0.000000","0","9"
"/Engine/EngineMaterials/DefaultDeferredDecalMaterial.DefaultDeferredDecalMaterial","49","40","40","1","0.000000","0","40"
"/Engine/EngineMaterials/DefaultTextMaterialOpaque.DefaultTextMaterialOpaque","49","21","23","1","16.951229","0","23"
"/Engine/EngineMaterials/DefaultMaterial.DefaultMaterial","49","45","45","1","32.562832","0","45"
"/Engine/EngineMaterials/WorldGridMaterial.WorldGridMaterial","49","993","1016","1","0.000000","0","1016"
"/Engine/EngineMaterials/Widget3DPassThrough.Widget3DPassThrough","49","75","80","6","87.797012","0","80"
"/HairStrands/Materials/HairDebugMaterial.HairDebugMaterial","49","72","78","1","124.056671","0","78"
"/Engine/EngineSky/VolumetricClouds/m_SimpleVolumetricCloud.m_SimpleVolumetricCloud","49","92","92","1","0.000000","0","92"
"/Engine/EngineMaterials/PPM_DefaultCalibrationColor.PPM_DefaultCalibrationColor","49","7","7","1","7.589909","0","7"
"/Engine/EngineMaterials/PPM_DefaultCalibrationGrayscale.PPM_DefaultCalibrationGrayscale","49","7","7","1","7.081311","0","7"
"/Engine/VREditor/SnapGrid/SnapGridMaterial.SnapGridMaterial","49","18","18","1","27.865162","0","0"
"/Engine/EditorMaterials/PreviewShadowIndicatorMaterial.PreviewShadowIndicatorMaterial","49","67","67","1","45.273804","0","67"
"/AudioWidgets/AudioMaterialSlate/M_AudioMaterialMeter.M_AudioMaterialMeter","49","15","15","1","10.755187","0","15"
"/SpeedTreeImporter/SpeedTree9/SpeedTreeBillboardMaster.SpeedTreeBillboardMaster","49","42","46","1","62.776737","0","46"
"/SpeedTreeImporter/SpeedTree9/SpeedTreeMaster.SpeedTreeMaster","49","42","46","1","71.855843","0","46"
"/AudioWidgets/AudioMaterialSlate/M_AudioMaterialRoundedSlider.M_AudioMaterialRoundedSlider","49","27","29","1","26.139105","0","29"
"/AudioWidgets/AudioMaterialSlate/M_AudioMaterialEnvelope_ADSR.M_AudioMaterialEnvelope_ADSR","49","27","29","1","25.486195","0","29"
"/AudioWidgets/AudioMaterialSlate/M_AudioMaterialKnob.M_AudioMaterialKnob","49","15","15","1","11.618024","0","15"
"/AudioWidgets/AudioMaterialSlate/M_AudioMaterialToggleButton.M_AudioMaterialToggleButton","49","15","15","1","10.042776","0","15"
"/InterchangeAssets/gltf/M_Sheen.M_Sheen","49","156","166","6","184.648972","0","166"
"/InterchangeAssets/gltf/M_ClearCoat.M_ClearCoat","49","164","182","6","190.585297","0","182"
"/Game/FirstPersonArms/Character/Materials/M_Mannequin.M_Mannequin","49","26","30","2","22.519928","5","30"
"/InterchangeAssets/gltf/M_SpecularGlossiness.M_SpecularGlossiness","49","156","166","6","181.137711","0","166"
"/InterchangeAssets/gltf/M_Default.M_Default","49","164","182","6","202.557144","0","182"
"/InterchangeAssets/gltf/M_Transmission.M_Transmission","49","54","54","2","166.539093","0","54"
"/InterchangeAssets/gltf/M_Unlit.M_Unlit","49","202","212","6","411.311218","0","212"
"/Engine/OpenWorldTemplate/LandscapeMaterial/M_ProcGrid.M_ProcGrid","49","25","25","1","36.861813","58","51"
"/Game/MainLevel/3DAssets/standardSurface1.standardSurface1","49","13","13","1","14.909931","0","13"
"/Game/MainLevel/Materials/M_Enemy.M_Enemy","49","8","8","1","5.951988","0","8"
"/Game/GameContent/Materials/MAT_SuperSeeThroughBase.MAT_SuperSeeThroughBase","49","11","11","1","8.480493","0","11"
"/Game/LevelPrototyping/Materials/M_PrototypeGrid.M_PrototypeGrid","49","32","32","2","16.742149","0","32"
"/Game/MainLevel/Materials/M_Platforms.M_Platforms","49","8","8","1","6.492319","0","8"
"/Game/MainLevel/StarterContent/Particles/Materials/M_Heat_Distortion.M_Heat_Distortion","49","36","36","1","27.999172","0","36"
"/Game/MainLevel/StarterContent/Particles/Materials/M_Radial_Gradient.M_Radial_Gradient","49","23","23","1","20.644743","0","23"
"/Game/MainLevel/StarterContent/Particles/Materials/M_smoke_subUV.M_smoke_subUV","49","32","32","1","32.480907","0","32"
"/Game/MainLevel/StarterContent/Particles/Materials/M_Fire_SubUV.M_Fire_SubUV","49","20","20","1","20.161528","0","20"
"/Engine/EngineSky/M_Sky_Panning_Clouds2.M_Sky_Panning_Clouds2","49","7","7","1","5.540073","0","7"
"/Engine/EngineSky/M_SimpleSkyDome.M_SimpleSkyDome","49","7","7","1","5.664545","0","7"
